﻿<?xml version="1.0" encoding="UTF-8" standalone="yes"?>
<addon id="repo.vikings" 
name="[B][COLOR yellow] Repertório Deker[/B][/COLOR]" 
version="1.0" 
provider-name="Gustavo Deker">">
	
	<requires>
    <import addon="xbmc.python" version="2.1.0"/>
	<import addon="script.module.beautifulsoup"/>
	<import addon="script.module.simple.downloader"/>
	<import addon="script.module.t0mm0.common"/>
	<import addon="script.module.beautifulsoup4"/>
	<import addon="script.module.requests"/>
	<import addon="script.module.httplib2"/>
	<import addon="script.module.simple.downloader"/>
	<import addon="script.module.urlresolver"/>
	<import addon="script.module.simplejson"/>    
	<import addon="script.module.livestreamer"/>
	<import addon="script.module.pyamf"/>
	<import addon="script.module.metahandler"/>
	<import addon="script.module.addon.signals"/>
  </requires>
  
  <extension point="xbmc.addon.repository" name="Vikings Repositorio">
		<info compressed="false">https://raw.githubusercontent.com/gustavodeker/gustavotv/master/addons.xml</info>
		<checksum>https://raw.githubusercontent.com/gustavodeker/gustavotv/master/addons.xml.md5</checksum>
		<datadir zip="true">http://raw.github.com/gustavodeker/gustavotv/master/addons/</datadir>
	</extension>
	
	<extension point="xbmc.addon.metadata">
	<news>
	[COLOR orange]LOG DE CORREÇÔES[/COLOR]
	[COLOR orange]*[/COLOR] Tentando criar online...
	</news>
		
	<summary>Repositorio Deker! </summary>
		
	<description>	Versão de teste 1.0.
	</description>
		
<disclaimer>[B][COLOR orange]Teste[/COLOR][/B]</disclaimer>
		<platform>all</platform>
	</extension>
</addon>